{
    "rmse": 0.6539482323653903,
    "mae": 0.5234341448685872,
    "r2": 0.3150778128307209
}