{
    "rmse": 0.7113734855961683,
    "mae": 0.5594973964149643,
    "r2": 0.14805124463137542
}