{
    "rmse": 0.7221170001127244,
    "mae": 0.5795059220095176,
    "r2": 0.12704709499044675
}